Age,Gender,Education_Level,Years_of_Experience,Workload,Leadership_Style,Compensation,Organizational_Support,Conscientiousness,Emotional_Resilience,Stress_Levels,Emotion_Focused_Coping,Job_Satisfaction,Productivity,Attendance,Prediction
55.0,1,1,25.0,2.5,1,10500.0,2,4,3.5,3,1.2,4.2,4.1,95.0,Attrition
1.3344948102923542,0,1,-0.08619094571195755,-3.2300880856542085,2,-2.3359638834531005,2,0.05183818259909046,0.3491007725251358,0.08372961085952736,-0.2809919601110074,-0.3411696941413569,-5.033104059669354,-0.018243403474590976,Attrition
1.3344948102923542,0,1,-0.08619094571195755,-3.2300880856542085,2,-2.3359638834531005,2,0.05183818259909046,0.3491007725251358,0.08372961085952736,-0.2809919601110074,-0.3411696941413569,-5.033104059669354,-0.018243403474590976,Attrition
1.416592307,1,3,0.991195876,0.947337818,0,0.555377025,0,-0.548615672,-0.173192504,-0.160113009,-0.20622322,-0.68682965,0.252164643,-0.21336377,No Attrition
55.0,1,2,25.0,5.0,1,105555.0,2,4.0,5.0,5.0,5.0,4.9,5.0,95.0,Attrition
55.0,1,2,25.0,5.0,1,105555.0,2,4.0,5.0,5.0,5.0,4.9,5.0,95.0,Attrition
55.0,1,2,25.0,5.0,1,105555.0,2,4.0,5.0,5.0,5.0,4.9,5.0,95.0,Attrition
55.0,1,2,25.0,5.0,1,105555.0,2,4.0,5.0,5.0,5.0,4.9,5.0,95.0,Attrition
